{
  "response_times": [
    0.7563271522521973,
    9.775161743164062e-06,
    1.1205673217773438e-05,
    7.152557373046875e-06,
    0.433025598526001,
    1.1682510375976562e-05,
    1.0728836059570312e-05,
    1.4543533325195312e-05
  ],
  "success_rate": [
    false,
    false,
    false,
    false,
    false,
    false,
    false,
    false
  ],
  "token_usage": [
    0,
    0,
    0,
    0,
    0,
    0,
    0,
    0
  ],
  "error_count": 8,
  "total_requests": 8
}